time,relative_time,step,negotiator,offer,responses,state,text,data,GeniusBOABaselineNegotiator@0,SmartAspirationNegotiator@1
0.0,0.0196078431372549,0,GeniusBOABaselineNegotiator@0,"(0, 10, 0, 'premium')",{},continuing,,,0.9999999999999999,0.016366612111292964
0.0,0.0196078431372549,0,SmartAspirationNegotiator@1,"(9, 1, 9, 'basic')",{},continuing,,,0.0,0.9999999999999999
0.011485416,0.0392156862745098,1,GeniusBOABaselineNegotiator@0,"(0, 10, 0, 'premium')",{},continuing,,,0.9999999999999999,0.016366612111292964
0.011485416,0.0392156862745098,1,SmartAspirationNegotiator@1,"(9, 1, 9, 'basic')",{},continuing,,,0.0,0.9999999999999999
0.011665833,0.058823529411764705,2,GeniusBOABaselineNegotiator@0,"(0, 10, 0, 'premium')",{},continuing,,,0.9999999999999999,0.016366612111292964
0.011665833,0.058823529411764705,2,SmartAspirationNegotiator@1,"(9, 1, 9, 'basic')",{},continuing,,,0.0,0.9999999999999999
0.011840958,0.0784313725490196,3,GeniusBOABaselineNegotiator@0,"(0, 10, 0, 'premium')",{},continuing,,,0.9999999999999999,0.016366612111292964
0.011840958,0.0784313725490196,3,SmartAspirationNegotiator@1,"(9, 1, 9, 'basic')",{},continuing,,,0.0,0.9999999999999999
0.012014375,0.09803921568627451,4,GeniusBOABaselineNegotiator@0,"(0, 10, 0, 'premium')",{},continuing,,,0.9999999999999999,0.016366612111292964
0.012014375,0.09803921568627451,4,SmartAspirationNegotiator@1,"(9, 1, 9, 'basic')",{},continuing,,,0.0,0.9999999999999999
0.012187,0.11764705882352941,5,GeniusBOABaselineNegotiator@0,"(0, 10, 0, 'premium')",{},continuing,,,0.9999999999999999,0.016366612111292964
0.012187,0.11764705882352941,5,SmartAspirationNegotiator@1,"(9, 1, 9, 'basic')",{},continuing,,,0.0,0.9999999999999999
0.012359541,0.13725490196078433,6,GeniusBOABaselineNegotiator@0,"(0, 10, 0, 'premium')",{},continuing,,,0.9999999999999999,0.016366612111292964
0.012359541,0.13725490196078433,6,SmartAspirationNegotiator@1,"(9, 1, 9, 'basic')",{},continuing,,,0.0,0.9999999999999999
0.012531291,0.1568627450980392,7,GeniusBOABaselineNegotiator@0,"(0, 10, 0, 'premium')",{},continuing,,,0.9999999999999999,0.016366612111292964
0.012531291,0.1568627450980392,7,SmartAspirationNegotiator@1,"(9, 1, 9, 'basic')",{},continuing,,,0.0,0.9999999999999999
0.012701458,0.17647058823529413,8,GeniusBOABaselineNegotiator@0,"(0, 10, 0, 'premium')",{},continuing,,,0.9999999999999999,0.016366612111292964
0.012701458,0.17647058823529413,8,SmartAspirationNegotiator@1,"(9, 1, 9, 'basic')",{},continuing,,,0.0,0.9999999999999999
0.012872541,0.19607843137254902,9,GeniusBOABaselineNegotiator@0,"(0, 10, 0, 'premium')",{},continuing,,,0.9999999999999999,0.016366612111292964
0.012872541,0.19607843137254902,9,SmartAspirationNegotiator@1,"(9, 1, 9, 'basic')",{},continuing,,,0.0,0.9999999999999999
0.013065083,0.21568627450980393,10,GeniusBOABaselineNegotiator@0,"(0, 10, 0, 'premium')",{},continuing,,,0.9999999999999999,0.016366612111292964
0.013065083,0.21568627450980393,10,SmartAspirationNegotiator@1,"(9, 1, 9, 'basic')",{},continuing,,,0.0,0.9999999999999999
0.013241166,0.23529411764705882,11,GeniusBOABaselineNegotiator@0,"(0, 10, 0, 'premium')",{},continuing,,,0.9999999999999999,0.016366612111292964
0.013241166,0.23529411764705882,11,SmartAspirationNegotiator@1,"(9, 1, 9, 'basic')",{},continuing,,,0.0,0.9999999999999999
0.013422958,0.2549019607843137,12,GeniusBOABaselineNegotiator@0,"(0, 10, 0, 'premium')",{},continuing,,,0.9999999999999999,0.016366612111292964
0.013422958,0.2549019607843137,12,SmartAspirationNegotiator@1,"(9, 1, 9, 'basic')",{},continuing,,,0.0,0.9999999999999999
0.013616,0.27450980392156865,13,GeniusBOABaselineNegotiator@0,"(0, 10, 0, 'premium')",{},continuing,,,0.9999999999999999,0.016366612111292964
0.013616,0.27450980392156865,13,SmartAspirationNegotiator@1,"(9, 1, 9, 'basic')",{},continuing,,,0.0,0.9999999999999999
0.013816916,0.29411764705882354,14,GeniusBOABaselineNegotiator@0,"(0, 9, 0, 'premium')",{},continuing,,,0.9916980866812671,0.036006546644844525
0.013816916,0.29411764705882354,14,SmartAspirationNegotiator@1,"(9, 1, 9, 'basic')",{},continuing,,,0.0,0.9999999999999999
0.014013,0.3137254901960784,15,GeniusBOABaselineNegotiator@0,"(0, 9, 0, 'premium')",{},continuing,,,0.9916980866812671,0.036006546644844525
0.014013,0.3137254901960784,15,SmartAspirationNegotiator@1,"(9, 1, 9, 'basic')",{},continuing,,,0.0,0.9999999999999999
0.014205791,0.3333333333333333,16,GeniusBOABaselineNegotiator@0,"(0, 9, 0, 'premium')",{},continuing,,,0.9916980866812671,0.036006546644844525
0.014205791,0.3333333333333333,16,SmartAspirationNegotiator@1,"(9, 1, 9, 'basic')",{},continuing,,,0.0,0.9999999999999999
0.014386375,0.35294117647058826,17,GeniusBOABaselineNegotiator@0,"(0, 8, 0, 'premium')",{},continuing,,,0.9828589344063511,0.05564648117839607
0.014386375,0.35294117647058826,17,SmartAspirationNegotiator@1,"(9, 1, 9, 'basic')",{},continuing,,,0.0,0.9999999999999999
0.014565333,0.37254901960784315,18,GeniusBOABaselineNegotiator@0,"(0, 8, 0, 'premium')",{},continuing,,,0.9828589344063511,0.05564648117839607
0.014565333,0.37254901960784315,18,SmartAspirationNegotiator@1,"(9, 1, 9, 'basic')",{},continuing,,,0.0,0.9999999999999999
0.014803625,0.39215686274509803,19,GeniusBOABaselineNegotiator@0,"(1, 10, 0, 'premium')",{},continuing,,,0.9758064516129031,0.020912893253318784
0.014803625,0.39215686274509803,19,SmartAspirationNegotiator@1,"(9, 2, 9, 'basic')",{},continuing,,,0.04838709677419354,0.9803600654664483
0.014983458,0.4117647058823529,20,GeniusBOABaselineNegotiator@0,"(0, 7, 0, 'premium')",{},continuing,,,0.9733624069088634,0.07528641571194764
0.014983458,0.4117647058823529,20,SmartAspirationNegotiator@1,"(9, 2, 9, 'basic')",{},continuing,,,0.04838709677419354,0.9803600654664483
0.015158833,0.43137254901960786,21,GeniusBOABaselineNegotiator@0,"(1, 9, 0, 'premium')",{},continuing,,,0.9675045382941704,0.04055282778687035
0.015158833,0.43137254901960786,21,SmartAspirationNegotiator@1,"(9, 2, 9, 'basic')",{},continuing,,,0.04838709677419354,0.9803600654664483
0.015336125,0.45098039215686275,22,GeniusBOABaselineNegotiator@0,"(1, 8, 0, 'premium')",{},continuing,,,0.9586653860192543,0.060192762320421894
0.015336125,0.45098039215686275,22,SmartAspirationNegotiator@1,"(9, 3, 9, 'basic')",{},continuing,,,0.06842968850192394,0.9607201309328969
0.015514,0.47058823529411764,23,GeniusBOABaselineNegotiator@0,"(1, 7, 0, 'premium')",{},continuing,,,0.9491688585217667,0.07983269685397346
0.015514,0.47058823529411764,23,SmartAspirationNegotiator@1,"(9, 3, 9, 'basic')",{},continuing,,,0.06842968850192394,0.9607201309328969
0.015690958,0.49019607843137253,24,GeniusBOABaselineNegotiator@0,"(0, 9, 0, 'standard')",{},continuing,,,0.9433109899070735,0.08510638297872342
0.015690958,0.49019607843137253,24,SmartAspirationNegotiator@1,"(9, 3, 9, 'basic')",{},continuing,,,0.06842968850192394,0.9607201309328969
0.015868916,0.5098039215686274,25,GeniusBOABaselineNegotiator@0,"(0, 8, 0, 'standard')",{},continuing,,,0.9344718376321575,0.10474631751227496
0.015868916,0.5098039215686274,25,SmartAspirationNegotiator@1,"(9, 4, 9, 'basic')",{},continuing,,,0.08380891004365534,0.9410801963993453
0.016046958,0.5294117647058824,26,GeniusBOABaselineNegotiator@0,"(0, 3, 0, 'premium')",{},continuing,,,0.9232683981793433,0.15384615384615385
0.016046958,0.5294117647058824,26,SmartAspirationNegotiator@1,"(9, 1, 8, 'basic')",{},continuing,,,0.006272401433691762,0.9319876341152936
0.016225916,0.5490196078431373,27,GeniusBOABaselineNegotiator@0,"(1, 8, 0, 'standard')",{},continuing,,,0.9102782892450607,0.10929259865430078
0.016225916,0.5490196078431373,27,SmartAspirationNegotiator@1,"(9, 2, 8, 'basic')",{},continuing,,,0.0546594982078853,0.912347699581742
0.016406708,0.5686274509803921,28,GeniusBOABaselineNegotiator@0,"(2, 9, 0, 'standard')",{},continuing,,,0.89492389313288,0.10329150754682671
0.016406708,0.5686274509803921,28,SmartAspirationNegotiator@1,"(9, 2, 8, 'basic')",{},continuing,,,0.0546594982078853,0.912347699581742
0.016589291,0.5882352941176471,29,GeniusBOABaselineNegotiator@0,"(3, 10, 0, 'standard')",{},continuing,,,0.879032258064516,0.10638297872340426
0.016589291,0.5882352941176471,29,SmartAspirationNegotiator@1,"(9, 3, 8, 'basic')",{},continuing,,,0.0747020899356157,0.8927077650481906
0.016773625,0.6078431372549019,30,GeniusBOABaselineNegotiator@0,"(3, 8, 0, 'standard')",{},continuing,,,0.8618911924708672,0.14566284779050737
0.016773625,0.6078431372549019,30,SmartAspirationNegotiator@1,"(9, 1, 7, 'basic')",{},continuing,,,0.025089605734767022,0.8719767230405528
0.016958041,0.6274509803921569,31,GeniusBOABaselineNegotiator@0,"(0, 7, 0, 'basic')",{},continuing,,,0.8443301488443473,0.18985270049099837
0.016958041,0.6274509803921569,31,SmartAspirationNegotiator@1,"(9, 2, 7, 'basic')",{},continuing,,,0.07347670250896056,0.8523367885070012
0.017147958,0.6470588235294118,32,GeniusBOABaselineNegotiator@0,"(4, 3, 0, 'premium')",{},continuing,,,0.8264942046309561,0.226586652118567
0.017147958,0.6470588235294118,32,SmartAspirationNegotiator@1,"(9, 3, 7, 'basic')",{},continuing,,,0.09351929423669096,0.8326968539734497
0.017344958,0.6666666666666666,33,GeniusBOABaselineNegotiator@0,"(5, 3, 0, 'premium')",{},continuing,,,0.8023006562438594,0.26750318239679943
0.017344958,0.6666666666666666,33,SmartAspirationNegotiator@1,"(9, 1, 6, 'basic')",{},continuing,,,0.05645161290322582,0.8199672667757774
0.01754925,0.6862745098039216,34,GeniusBOABaselineNegotiator@0,"(4, 3, 0, 'standard')",{},continuing,,,0.7781071078567625,0.2756864884524459
0.01754925,0.6862745098039216,34,SmartAspirationNegotiator@1,"(9, 2, 6, 'basic')",{},continuing,,,0.10483870967741936,0.8003273322422257
0.01776475,0.7058823529411765,35,GeniusBOABaselineNegotiator@0,"(3, 5, 0, 'basic')",{},continuing,,,0.75,0.2700490998363339
0.01776475,0.7058823529411765,35,SmartAspirationNegotiator@1,"(9, 2, 5, 'basic')",{},continuing,,,0.14874551971326164,0.7563193307874158
0.017992958,0.7254901960784313,36,GeniusBOABaselineNegotiator@0,"(4, 7, 1, 'standard')",{},continuing,,,0.7215702922135228,0.2011274777232224
0.017992958,0.7254901960784313,36,SmartAspirationNegotiator@1,"(9, 1, 4, 'basic')",{},continuing,,,0.15681003584229392,0.7399527186761229
0.018240125,0.7450980392156863,37,GeniusBOABaselineNegotiator@0,"(0, 7, 3, 'premium')",{},continuing,,,0.6911043423927344,0.11129296235679215
0.018240125,0.7450980392156863,37,SmartAspirationNegotiator@1,"(9, 1, 6, 'premium')",{},continuing,,,0.18548387096774194,0.7054009819967266
0.018509791,0.7647058823529411,38,GeniusBOABaselineNegotiator@0,"(1, 6, 3, 'premium')",{},continuing,,,0.6565839343951512,0.13547917803236953
0.018509791,0.7647058823529411,38,SmartAspirationNegotiator@1,"(9, 1, 0, 'basic')",{},continuing,,,0.5080645161290323,0.6759410801963993
0.018811,0.7843137254901961,39,GeniusBOABaselineNegotiator@0,"(2, 10, 3, 'standard')",{},continuing,,,0.6209677419354838,0.11965811965811966
0.018811,0.7843137254901961,39,SmartAspirationNegotiator@1,"(9, 3, 0, 'basic')",{},continuing,,,0.5764942046309562,0.6366612111292962
0.019179458,0.803921568627451,40,GeniusBOABaselineNegotiator@0,"(1, 1, 2, 'standard')",{},continuing,,,0.5815412186379927,0.2627750500090925
0.019179458,0.803921568627451,40,SmartAspirationNegotiator@1,"(9, 1, 3, 'premium')",{},continuing,,,0.3548387096774194,0.5973813420621931
0.01961475,0.8235294117647058,41,GeniusBOABaselineNegotiator@0,"(2, 4, 4, 'premium')",{},continuing,,,0.5390060426601428,0.2164029823604292
0.020185125,0.8431372549019608,42,SmartAspirationNegotiator@1,"(9, 2, 0, 'premium')",{'SmartAspirationNegotiator@1': <ResponseType.ACCEPT_OFFER: 0>},agreement,,,0.6854838709677419,0.541734860883797
