time,relative_time,step,negotiator,offer,responses,state,text,data,SmartAspirationNegotiator@0,BoulwareTBNegotiator@1
0.0,0.0196078431372549,0,SmartAspirationNegotiator@0,"(0, 10, 0, 'premium')",{},continuing,,,0.9999999999999999,0.016366612111292964
0.0,0.0196078431372549,0,BoulwareTBNegotiator@1,"(9, 1, 9, 'basic')",{},continuing,,,0.0,0.9999999999999999
0.011764583,0.0392156862745098,1,SmartAspirationNegotiator@0,"(0, 10, 0, 'premium')",{},continuing,,,0.9999999999999999,0.016366612111292964
0.011764583,0.0392156862745098,1,BoulwareTBNegotiator@1,"(9, 1, 9, 'basic')",{},continuing,,,0.0,0.9999999999999999
0.012241125,0.058823529411764705,2,SmartAspirationNegotiator@0,"(0, 10, 0, 'premium')",{},continuing,,,0.9999999999999999,0.016366612111292964
0.012241125,0.058823529411764705,2,BoulwareTBNegotiator@1,"(9, 1, 9, 'basic')",{},continuing,,,0.0,0.9999999999999999
0.0127,0.0784313725490196,3,SmartAspirationNegotiator@0,"(0, 10, 0, 'premium')",{},continuing,,,0.9999999999999999,0.016366612111292964
0.0127,0.0784313725490196,3,BoulwareTBNegotiator@1,"(9, 1, 9, 'basic')",{},continuing,,,0.0,0.9999999999999999
0.01315625,0.09803921568627451,4,SmartAspirationNegotiator@0,"(0, 10, 0, 'premium')",{},continuing,,,0.9999999999999999,0.016366612111292964
0.01315625,0.09803921568627451,4,BoulwareTBNegotiator@1,"(9, 1, 9, 'basic')",{},continuing,,,0.0,0.9999999999999999
0.013605583,0.11764705882352941,5,SmartAspirationNegotiator@0,"(0, 10, 0, 'premium')",{},continuing,,,0.9999999999999999,0.016366612111292964
0.013605583,0.11764705882352941,5,BoulwareTBNegotiator@1,"(9, 1, 9, 'basic')",{},continuing,,,0.0,0.9999999999999999
0.014093,0.13725490196078433,6,SmartAspirationNegotiator@0,"(0, 10, 0, 'premium')",{},continuing,,,0.9999999999999999,0.016366612111292964
0.014093,0.13725490196078433,6,BoulwareTBNegotiator@1,"(9, 1, 9, 'basic')",{},continuing,,,0.0,0.9999999999999999
0.014545708,0.1568627450980392,7,SmartAspirationNegotiator@0,"(0, 10, 0, 'premium')",{},continuing,,,0.9999999999999999,0.016366612111292964
0.014545708,0.1568627450980392,7,BoulwareTBNegotiator@1,"(9, 1, 9, 'basic')",{},continuing,,,0.0,0.9999999999999999
0.014998708,0.17647058823529413,8,SmartAspirationNegotiator@0,"(0, 10, 0, 'premium')",{},continuing,,,0.9999999999999999,0.016366612111292964
0.014998708,0.17647058823529413,8,BoulwareTBNegotiator@1,"(9, 1, 9, 'basic')",{},continuing,,,0.0,0.9999999999999999
0.015449458,0.19607843137254902,9,SmartAspirationNegotiator@0,"(0, 10, 0, 'premium')",{},continuing,,,0.9999999999999999,0.016366612111292964
0.015449458,0.19607843137254902,9,BoulwareTBNegotiator@1,"(9, 1, 9, 'basic')",{},continuing,,,0.0,0.9999999999999999
0.015900375,0.21568627450980393,10,SmartAspirationNegotiator@0,"(0, 10, 0, 'premium')",{},continuing,,,0.9999999999999999,0.016366612111292964
0.015900375,0.21568627450980393,10,BoulwareTBNegotiator@1,"(9, 1, 9, 'basic')",{},continuing,,,0.0,0.9999999999999999
0.016357333,0.23529411764705882,11,SmartAspirationNegotiator@0,"(0, 10, 0, 'premium')",{},continuing,,,0.9999999999999999,0.016366612111292964
0.016357333,0.23529411764705882,11,BoulwareTBNegotiator@1,"(9, 1, 9, 'basic')",{},continuing,,,0.0,0.9999999999999999
0.01685525,0.2549019607843137,12,SmartAspirationNegotiator@0,"(0, 10, 0, 'premium')",{},continuing,,,0.9999999999999999,0.016366612111292964
0.01685525,0.2549019607843137,12,BoulwareTBNegotiator@1,"(9, 1, 9, 'basic')",{},continuing,,,0.0,0.9999999999999999
0.017322416,0.27450980392156865,13,SmartAspirationNegotiator@0,"(0, 10, 0, 'premium')",{},continuing,,,0.9999999999999999,0.016366612111292964
0.017322416,0.27450980392156865,13,BoulwareTBNegotiator@1,"(9, 1, 9, 'basic')",{},continuing,,,0.0,0.9999999999999999
0.017793041,0.29411764705882354,14,SmartAspirationNegotiator@0,"(0, 10, 0, 'premium')",{},continuing,,,0.9999999999999999,0.016366612111292964
0.017793041,0.29411764705882354,14,BoulwareTBNegotiator@1,"(9, 1, 9, 'basic')",{},continuing,,,0.0,0.9999999999999999
0.018271375,0.3137254901960784,15,SmartAspirationNegotiator@0,"(0, 9, 0, 'premium')",{},continuing,,,0.9916980866812671,0.036006546644844525
0.018271375,0.3137254901960784,15,BoulwareTBNegotiator@1,"(9, 1, 9, 'basic')",{},continuing,,,0.0,0.9999999999999999
0.018734541,0.3333333333333333,16,SmartAspirationNegotiator@0,"(0, 9, 0, 'premium')",{},continuing,,,0.9916980866812671,0.036006546644844525
0.018734541,0.3333333333333333,16,BoulwareTBNegotiator@1,"(9, 1, 9, 'basic')",{},continuing,,,0.0,0.9999999999999999
0.019215375,0.35294117647058826,17,SmartAspirationNegotiator@0,"(0, 9, 0, 'premium')",{},continuing,,,0.9916980866812671,0.036006546644844525
0.019215375,0.35294117647058826,17,BoulwareTBNegotiator@1,"(9, 1, 9, 'basic')",{},continuing,,,0.0,0.9999999999999999
0.019687,0.37254901960784315,18,SmartAspirationNegotiator@0,"(0, 8, 0, 'premium')",{},continuing,,,0.9828589344063511,0.05564648117839607
0.019687,0.37254901960784315,18,BoulwareTBNegotiator@1,"(9, 1, 9, 'basic')",{},continuing,,,0.0,0.9999999999999999
0.020149166,0.39215686274509803,19,SmartAspirationNegotiator@0,"(0, 8, 0, 'premium')",{},continuing,,,0.9828589344063511,0.05564648117839607
0.020149166,0.39215686274509803,19,BoulwareTBNegotiator@1,"(9, 2, 9, 'basic')",{},continuing,,,0.04838709677419354,0.9803600654664483
0.02063325,0.4117647058823529,20,SmartAspirationNegotiator@0,"(1, 10, 0, 'premium')",{},continuing,,,0.9758064516129031,0.020912893253318784
0.02063325,0.4117647058823529,20,BoulwareTBNegotiator@1,"(9, 2, 9, 'basic')",{},continuing,,,0.04838709677419354,0.9803600654664483
0.021097208,0.43137254901960786,21,SmartAspirationNegotiator@0,"(1, 9, 0, 'premium')",{},continuing,,,0.9675045382941704,0.04055282778687035
0.021097208,0.43137254901960786,21,BoulwareTBNegotiator@1,"(9, 2, 9, 'basic')",{},continuing,,,0.04838709677419354,0.9803600654664483
0.021568083,0.45098039215686275,22,SmartAspirationNegotiator@0,"(1, 8, 0, 'premium')",{},continuing,,,0.9586653860192543,0.060192762320421894
0.021568083,0.45098039215686275,22,BoulwareTBNegotiator@1,"(9, 3, 9, 'basic')",{},continuing,,,0.06842968850192394,0.9607201309328969
0.022025333,0.47058823529411764,23,SmartAspirationNegotiator@0,"(2, 10, 0, 'premium')",{},continuing,,,0.9516129032258064,0.034551736679396254
0.022025333,0.47058823529411764,23,BoulwareTBNegotiator@1,"(9, 3, 9, 'basic')",{},continuing,,,0.06842968850192394,0.9607201309328969
0.022528833,0.49019607843137253,24,SmartAspirationNegotiator@0,"(2, 9, 0, 'premium')",{},continuing,,,0.9433109899070736,0.05419167121294782
0.022528833,0.49019607843137253,24,BoulwareTBNegotiator@1,"(9, 3, 9, 'basic')",{},continuing,,,0.06842968850192394,0.9607201309328969
0.022993583,0.5098039215686274,25,SmartAspirationNegotiator@0,"(2, 8, 0, 'premium')",{},continuing,,,0.9344718376321576,0.07383160574649936
0.022993583,0.5098039215686274,25,BoulwareTBNegotiator@1,"(9, 1, 9, 'standard')",{},continuing,,,0.08064516129032256,0.9345335515548281
0.023457375,0.5294117647058824,26,SmartAspirationNegotiator@0,"(3, 10, 0, 'premium')",{},continuing,,,0.9274193548387096,0.057283142389525366
0.023457375,0.5294117647058824,26,BoulwareTBNegotiator@1,"(8, 1, 9, 'basic')",{},continuing,,,0.024193548387096784,0.9227132205855609
0.02392175,0.5490196078431373,27,SmartAspirationNegotiator@0,"(3, 8, 0, 'premium')",{},continuing,,,0.9102782892450608,0.09656301145662848
0.02392175,0.5490196078431373,27,BoulwareTBNegotiator@1,"(9, 2, 8, 'basic')",{},continuing,,,0.0546594982078853,0.912347699581742
0.02439075,0.5686274509803921,28,SmartAspirationNegotiator@0,"(4, 10, 0, 'premium')",{},continuing,,,0.9032258064516129,0.08910711038370613
0.02439075,0.5686274509803921,28,BoulwareTBNegotiator@1,"(9, 6, 9, 'basic')",{},continuing,,,0.10819683762095757,0.9018003273322422
0.024863208,0.5882352941176471,29,SmartAspirationNegotiator@0,"(4, 8, 0, 'premium')",{},continuing,,,0.8860847408579641,0.12838697945080924
0.024863208,0.5882352941176471,29,BoulwareTBNegotiator@1,"(9, 7, 9, 'basic')",{},continuing,,,0.1185236972314441,0.8821603927986906
0.025352458,0.6078431372549019,30,SmartAspirationNegotiator@0,"(5, 9, 0, 'premium')",{},continuing,,,0.8707303447457834,0.14966357519549012
0.025352458,0.6078431372549019,30,BoulwareTBNegotiator@1,"(9, 2, 9, 'premium')",{},continuing,,,0.17741935483870966,0.8657937806873975
0.025841541,0.6274509803921569,31,SmartAspirationNegotiator@0,"(6, 9, 0, 'premium')",{},continuing,,,0.8465367963586866,0.19967266775777415
0.025841541,0.6274509803921569,31,BoulwareTBNegotiator@1,"(9, 2, 7, 'basic')",{},continuing,,,0.07347670250896056,0.8523367885070012
0.026344333,0.6470588235294118,32,SmartAspirationNegotiator@0,"(7, 10, 0, 'premium')",{},continuing,,,0.8306451612903226,0.2391343880705583
0.026344333,0.6470588235294118,32,BoulwareTBNegotiator@1,"(9, 3, 7, 'basic')",{},continuing,,,0.09351929423669096,0.8326968539734497
0.026858791,0.6666666666666666,33,SmartAspirationNegotiator@0,"(8, 10, 0, 'premium')",{},continuing,,,0.8064516129032258,0.3073286052009456
0.026858791,0.6666666666666666,33,BoulwareTBNegotiator@1,"(9, 1, 7, 'standard')",{},continuing,,,0.10573476702508959,0.8065102745953809
0.02739575,0.6862745098039216,34,SmartAspirationNegotiator@0,"(9, 10, 0, 'premium')",{},continuing,,,0.782258064516129,0.3846153846153846
0.02739575,0.6862745098039216,34,BoulwareTBNegotiator@1,"(8, 8, 9, 'basic')",{},continuing,,,0.15221377311602857,0.7852336788507001
0.027967208,0.7058823529411765,35,SmartAspirationNegotiator@0,"(9, 7, 0, 'premium')",{},continuing,,,0.7556204714249924,0.44353518821603927
0.027967208,0.7058823529411765,35,BoulwareTBNegotiator@1,"(6, 3, 9, 'basic')",{},continuing,,,0.14101033366321425,0.7561374795417348
0.028597458,0.7254901960784313,36,SmartAspirationNegotiator@0,"(9, 5, 0, 'premium')",{},continuing,,,0.7338709677419355,0.48281505728314233
0.028597458,0.7254901960784313,36,BoulwareTBNegotiator@1,"(6, 1, 8, 'basic')",{},continuing,,,0.07885304659498209,0.7274049827241317
0.029271083,0.7450980392156863,37,SmartAspirationNegotiator@0,"(8, 10, 1, 'premium')",{},continuing,,,0.6998207885304659,0.3113293326059284
0.029271083,0.7450980392156863,37,BoulwareTBNegotiator@1,"(6, 6, 9, 'basic')",{},continuing,,,0.1807774827822479,0.6972176759410802
0.029992041,0.7647058823529411,38,SmartAspirationNegotiator@0,"(8, 8, 0, 'basic')",{},continuing,,,0.6602782892450608,0.4611747590470995
0.029992041,0.7647058823529411,38,BoulwareTBNegotiator@1,"(8, 5, 6, 'basic')",{},continuing,,,0.1774193548387097,0.6641207492271322
0.03079975,0.7843137254901961,39,SmartAspirationNegotiator@0,"(9, 7, 0, 'basic')",{},continuing,,,0.6265882133604763,0.5581014729950899
0.03079975,0.7843137254901961,39,BoulwareTBNegotiator@1,"(8, 1, 6, 'premium')",{},continuing,,,0.20967741935483875,0.6281142025822877
0.031655708,0.803921568627451,40,SmartAspirationNegotiator@0,"(9, 4, 0, 'basic')",{'SmartAspirationNegotiator@0': <ResponseType.ACCEPT_OFFER: 0>},agreement,,,0.5918734261726876,0.6170212765957446
